,num_buildings,Run,Avg_raster_value,num_destinations,trace_strength,agent_vision_angle,agent_vision_samples
0,50.0,0,92.47487108722493,,,,
120,70.0,0,93.43349026772539,,,,
210,85.0,0,108.62675358340958,,,,
270,95.0,0,95.25314830009633,,,,
60,60.0,0,90.06381154848444,,,,
240,90.0,0,94.14777024616482,,,,
90,65.0,0,100.52812801371576,,,,
300,100.0,0,95.33959056456754,,,,
30,55.0,0,98.13505338726723,,,,
150,75.0,0,110.15748422863697,,,,
180,80.0,0,82.34611926880432,,,,
271,95.0,1,85.07171487741333,,,,
61,60.0,1,100.27087157647405,,,,
121,70.0,1,92.29853997209271,,,,
181,80.0,1,100.44868334670655,,,,
151,75.0,1,86.68120547212095,,,,
31,55.0,1,106.52497591343659,,,,
91,65.0,1,106.32009424436217,,,,
211,85.0,1,92.23021381980537,,,,
241,90.0,1,92.66482139126802,,,,
1,50.0,1,103.95811074678555,,,,
301,100.0,1,95.48273558368496,,,,
212,85.0,2,96.08440082271858,,,,
32,55.0,2,103.16456752930928,,,,
302,100.0,2,99.32394417653076,,,,
62,60.0,2,97.65546793417595,,,,
273,95.0,2,97.47831159189734,,,,
182,80.0,2,89.66074526403442,,,,
152,75.0,2,108.5522101939558,,,,
92,65.0,2,116.43088345052442,,,,
5,50.0,2,104.57272357272358,,,,
242,90.0,2,111.25750661502474,,,,
122,70.0,2,96.20161347142958,,,,
272,95.0,3,84.84841773213866,,,,
63,60.0,3,95.46040671971707,,,,
93,65.0,3,87.15523852291962,,,,
243,90.0,3,102.87655004428699,,,,
213,85.0,3,98.12598284488921,,,,
123,70.0,3,86.59593211115268,,,,
183,80.0,3,88.66121654833424,,,,
2,50.0,3,104.28834447473578,,,,
153,75.0,3,104.56058372641509,,,,
33,55.0,3,130.02859858660165,,,,
303,100.0,3,91.8211798939966,,,,
124,70.0,4,88.12543326812863,,,,
64,60.0,4,97.54956664995345,,,,
184,80.0,4,86.26953981008035,,,,
154,75.0,4,97.79728158162524,,,,
304,100.0,4,100.38602833771546,,,,
94,65.0,4,100.06395242785743,,,,
274,95.0,4,92.5128884180791,,,,
214,85.0,4,89.02471529809964,,,,
244,90.0,4,96.45672757765277,,,,
34,55.0,4,134.748509440212,,,,
4,50.0,4,93.02719140058697,,,,
6,50.0,5,103.60106788710908,,,,
65,60.0,5,92.18819007686932,,,,
245,90.0,5,95.10424859550562,,,,
35,55.0,5,80.74611728477709,,,,
185,80.0,5,90.99931452856703,,,,
125,70.0,5,106.6282962026258,,,,
155,75.0,5,99.73668386474147,,,,
305,100.0,5,92.72797663041565,,,,
215,85.0,5,99.1041584583975,,,,
275,95.0,5,89.84811903425042,,,,
95,65.0,5,99.96993318485524,,,,
156,75.0,6,95.61849751452776,,,,
3,50.0,6,114.05070169266253,,,,
246,90.0,6,103.28754348308786,,,,
66,60.0,6,84.39947116511028,,,,
186,80.0,6,96.59977735483176,,,,
306,100.0,6,96.59003044678893,,,,
276,95.0,6,95.74063710718897,,,,
216,85.0,6,100.24516903817461,,,,
36,55.0,6,102.67478675457221,,,,
126,70.0,6,91.67749694962524,,,,
96,65.0,6,107.06531564367984,,,,
217,85.0,7,87.28193301896533,,,,
187,80.0,7,84.5974236773035,,,,
127,70.0,7,103.9836670981497,,,,
97,65.0,7,100.1859292914951,,,,
247,90.0,7,83.64426694831342,,,,
7,50.0,7,101.92567942318358,,,,
308,100.0,7,90.27493824153647,,,,
37,55.0,7,93.14309461144202,,,,
157,75.0,7,98.96909661412727,,,,
277,95.0,7,106.49517097363612,,,,
67,60.0,7,96.45440477904131,,,,
248,90.0,8,94.50927575725815,,,,
8,50.0,8,95.43361309126664,,,,
307,100.0,8,103.31799375771213,,,,
188,80.0,8,90.80881581248907,,,,
128,70.0,8,95.6225040768255,,,,
38,55.0,8,100.90957988079663,,,,
278,95.0,8,82.53738019169329,,,,
218,85.0,8,86.43658825520393,,,,
98,65.0,8,97.7667666943852,,,,
158,75.0,8,106.9425860286516,,,,
68,60.0,8,108.10440791222142,,,,
129,70.0,9,91.40793299183164,,,,
159,75.0,9,94.23788233624299,,,,
189,80.0,9,95.13416716022715,,,,
39,55.0,9,103.69782688766114,,,,
309,100.0,9,102.7353649053949,,,,
279,95.0,9,101.0630238260806,,,,
69,60.0,9,108.19813133406171,,,,
9,50.0,9,115.57486580119541,,,,
249,90.0,9,94.5022397225634,,,,
99,65.0,9,97.23104770017036,,,,
219,85.0,9,91.50697009827839,,,,
190,80.0,10,117.22090434515584,,,,
130,70.0,10,120.49493750988768,,,,
100,65.0,10,100.75934689159412,,,,
40,55.0,10,108.31047091412742,,,,
310,100.0,10,92.29211555616551,,,,
10,50.0,10,113.3632782025277,,,,
220,85.0,10,98.92748576196176,,,,
160,75.0,10,90.36214506655546,,,,
250,90.0,10,91.24852537722909,,,,
70,60.0,10,106.30396177433312,,,,
280,95.0,10,95.78583377825235,,,,
71,60.0,11,96.99139883902025,,,,
221,85.0,11,94.87185526174927,,,,
101,65.0,11,103.18828467021238,,,,
161,75.0,11,108.3979420018709,,,,
11,50.0,11,109.2668273757957,,,,
41,55.0,11,95.57766253924578,,,,
251,90.0,11,89.73855367152954,,,,
281,95.0,11,98.80701878016983,,,,
191,80.0,11,93.25292272597662,,,,
311,100.0,11,91.72191078859579,,,,
132,70.0,11,105.07709106791876,,,,
312,100.0,12,87.7770842621489,,,,
252,90.0,12,108.06279052331683,,,,
42,55.0,12,107.63406138886873,,,,
222,85.0,12,87.82560804570177,,,,
12,50.0,12,99.48702724099464,,,,
162,75.0,12,102.92618550551745,,,,
72,60.0,12,102.25748239436619,,,,
192,80.0,12,127.95122343203825,,,,
282,95.0,12,98.10052122114669,,,,
102,65.0,12,102.60025148194718,,,,
131,70.0,12,107.34653722162523,,,,
13,50.0,13,105.96588180621175,,,,
163,75.0,13,90.85833715474973,,,,
223,85.0,13,89.90166388192704,,,,
313,100.0,13,91.50804405990479,,,,
133,70.0,13,92.50455733766692,,,,
253,90.0,13,90.80367296485962,,,,
73,60.0,13,100.2405853941969,,,,
193,80.0,13,86.52691218130312,,,,
283,95.0,13,98.64182158100814,,,,
103,65.0,13,94.58094450239183,,,,
43,55.0,13,92.44447912331808,,,,
224,85.0,14,89.09505703422053,,,,
284,95.0,14,97.64334928923702,,,,
194,80.0,14,97.71712221859232,,,,
254,90.0,14,95.30112596762844,,,,
314,100.0,14,95.36680034374105,,,,
164,75.0,14,98.55917445985166,,,,
74,60.0,14,89.90966741340686,,,,
44,55.0,14,105.12278706546874,,,,
104,65.0,14,90.2042419758306,,,,
134,70.0,14,111.65161094915382,,,,
14,50.0,14,99.49182566203154,,,,
135,70.0,15,84.5897108271688,,,,
285,95.0,15,92.84076367032131,,,,
15,50.0,15,109.4768676597501,,,,
75,60.0,15,91.37226553109653,,,,
45,55.0,15,106.54570092070092,,,,
195,80.0,15,103.08415480102227,,,,
105,65.0,15,99.50952466367713,,,,
165,75.0,15,98.97580027010257,,,,
255,90.0,15,96.46937253648663,,,,
225,85.0,15,100.64765479791538,,,,
315,100.0,15,89.74618973561431,,,,
256,90.0,16,88.86419206538396,,,,
106,65.0,16,102.1977496584945,,,,
16,50.0,16,95.33234359171412,,,,
76,60.0,16,97.83178442130408,,,,
196,80.0,16,101.60984302995392,,,,
226,85.0,16,92.50533857825232,,,,
136,70.0,16,98.35022034323386,,,,
316,100.0,16,88.16763887946823,,,,
166,75.0,16,109.20291898483347,,,,
46,55.0,16,93.02559048310682,,,,
286,95.0,16,97.22939068100358,,,,
77,60.0,17,117.33194841845334,,,,
317,100.0,17,92.5673325417336,,,,
168,75.0,17,86.24946977730647,,,,
227,85.0,17,92.28020034324543,,,,
257,90.0,17,86.52709023249463,,,,
287,95.0,17,80.83221498265746,,,,
197,80.0,17,92.79602811950791,,,,
137,70.0,17,97.7606352400115,,,,
47,55.0,17,106.30831018692291,,,,
17,50.0,17,89.6824507689096,,,,
107,65.0,17,110.55438327258776,,,,
18,50.0,18,146.99355263157895,,,,
167,75.0,18,96.59132509526015,,,,
78,60.0,18,104.2140141632501,,,,
138,70.0,18,104.22917132008041,,,,
288,95.0,18,96.48522395499538,,,,
228,85.0,18,96.25883762732175,,,,
198,80.0,18,92.10361825214801,,,,
48,55.0,18,105.50190739771112,,,,
108,65.0,18,96.16821768514914,,,,
318,100.0,18,108.67219744500719,,,,
258,90.0,18,93.61879958606416,,,,
319,100.0,19,92.59014490714688,,,,
109,65.0,19,96.75007851484803,,,,
169,75.0,19,92.80520222952694,,,,
79,60.0,19,99.13926247288504,,,,
19,50.0,19,95.61084091069289,,,,
289,95.0,19,97.12804963544588,,,,
199,80.0,19,92.28688754738172,,,,
229,85.0,19,93.74601244049067,,,,
49,55.0,19,110.97073943798075,,,,
139,70.0,19,92.4014286714756,,,,
259,90.0,19,96.21174491840824,,,,
20,50.0,20,113.22744978232643,,,,
320,100.0,20,90.6289392841117,,,,
140,70.0,20,101.25916861349056,,,,
110,65.0,20,97.89705240174672,,,,
170,75.0,20,102.44325434670971,,,,
260,90.0,20,100.14579898134916,,,,
290,95.0,20,99.41852654387866,,,,
200,80.0,20,98.1258566300446,,,,
50,55.0,20,103.48290629845677,,,,
80,60.0,20,116.68955108359133,,,,
230,85.0,20,96.7272170151406,,,,
21,50.0,21,104.77095574563035,,,,
111,65.0,21,114.42732580471692,,,,
321,100.0,21,91.03043211559432,,,,
261,90.0,21,92.51320154356509,,,,
81,60.0,21,97.07542605430388,,,,
201,80.0,21,114.36603641728462,,,,
141,70.0,21,83.37774086378738,,,,
291,95.0,21,93.7586746401502,,,,
171,75.0,21,98.028016932128,,,,
231,85.0,21,101.16012649130373,,,,
51,55.0,21,102.36737190558433,,,,
262,90.0,22,103.15785636164783,,,,
52,55.0,22,103.87448377581121,,,,
292,95.0,22,101.5720516082137,,,,
82,60.0,22,84.44125080028304,,,,
202,80.0,22,83.17591389249891,,,,
172,75.0,22,102.44307285352144,,,,
142,70.0,22,102.26187630714072,,,,
22,50.0,22,94.83943927847305,,,,
232,85.0,22,103.34599404346068,,,,
112,65.0,22,131.60813536992055,,,,
322,100.0,22,83.78322769057179,,,,
23,50.0,23,104.20737174775834,,,,
293,95.0,23,99.44580886278698,,,,
173,75.0,23,92.95163855088495,,,,
143,70.0,23,100.72909723228517,,,,
323,100.0,23,94.38138075313807,,,,
83,60.0,23,102.37398822663724,,,,
203,80.0,23,100.21428831784218,,,,
53,55.0,23,103.0556214333358,,,,
263,90.0,23,98.05625112107623,,,,
233,85.0,23,97.66426919184617,,,,
113,65.0,23,85.76121141525917,,,,
295,95.0,24,101.31155450752766,,,,
144,70.0,24,108.3888159621948,,,,
234,85.0,24,91.2793772957845,,,,
324,100.0,24,90.96245087029759,,,,
114,65.0,24,102.50623487126825,,,,
54,55.0,24,93.63453188602442,,,,
84,60.0,24,111.45430319408474,,,,
24,50.0,24,98.45098248611704,,,,
264,90.0,24,79.38628019323671,,,,
174,75.0,24,102.37658540151321,,,,
204,80.0,24,93.10058966354492,,,,
115,65.0,25,110.48483570415245,,,,
205,80.0,25,101.4105240503605,,,,
175,75.0,25,89.18717029622616,,,,
145,70.0,25,93.3442584136648,,,,
25,50.0,25,123.63879489583758,,,,
85,60.0,25,108.5022436743467,,,,
235,85.0,25,91.52472061111897,,,,
265,90.0,25,112.35408872260822,,,,
325,100.0,25,96.5520017250054,,,,
55,55.0,25,82.49729241877256,,,,
294,95.0,25,91.4116083916084,,,,
146,70.0,26,92.42570853014726,,,,
296,95.0,26,102.6422755321868,,,,
86,60.0,26,105.28992463159473,,,,
26,50.0,26,112.93618334748052,,,,
326,100.0,26,97.9561400326501,,,,
116,65.0,26,91.23149819494584,,,,
266,90.0,26,98.26753489039572,,,,
176,75.0,26,96.2757664129739,,,,
206,80.0,26,91.49002055104671,,,,
56,55.0,26,98.32758434450726,,,,
236,85.0,26,91.09354089380439,,,,
267,90.0,27,101.6750118091639,,,,
57,55.0,27,99.8253888248848,,,,
27,50.0,27,107.77286417395138,,,,
237,85.0,27,99.67065630084976,,,,
117,65.0,27,95.80402100417206,,,,
297,95.0,27,92.57460097154754,,,,
87,60.0,27,99.00618400115724,,,,
177,75.0,27,100.68821526872374,,,,
327,100.0,27,95.13515849147913,,,,
147,70.0,27,106.68218996389359,,,,
207,80.0,27,85.48695325057282,,,,
148,70.0,28,109.84732795371498,,,,
88,60.0,28,108.47065674782085,,,,
298,95.0,28,89.48767197929438,,,,
328,100.0,28,91.71806167400881,,,,
178,75.0,28,84.67670602361417,,,,
268,90.0,28,99.37580570492504,,,,
58,55.0,28,97.12525338738931,,,,
118,65.0,28,98.94142485924642,,,,
238,85.0,28,99.9710495455878,,,,
28,50.0,28,94.99909838055277,,,,
209,80.0,28,85.66264529465587,,,,
179,75.0,29,95.6244773182473,,,,
119,65.0,29,97.81672572131029,,,,
208,80.0,29,97.03265765765765,,,,
299,95.0,29,97.8358107137728,,,,
239,85.0,29,104.97188472366277,,,,
149,70.0,29,93.15952879760964,,,,
59,55.0,29,100.55979671675624,,,,
269,90.0,29,87.23211291224148,,,,
29,50.0,29,105.29135281711359,,,,
89,60.0,29,92.6502749465868,,,,
329,100.0,29,92.67705402614054,,,,
180,,0,91.95653986451276,9.0,,,
120,,0,91.41450919718068,7.0,,,
150,,0,89.77912646540098,8.0,,,
4,,0,95.64685536810899,3.0,,,
90,,0,91.62087987391214,6.0,,,
210,,0,87.92286026707313,10.0,,,
30,,0,99.03539727213682,4.0,,,
60,,0,102.9404608558752,5.0,,,
91,,1,99.20369346455823,6.0,,,
211,,1,93.77237772992925,10.0,,,
151,,1,95.24726091314416,8.0,,,
31,,1,86.19547118468367,4.0,,,
5,,1,96.55598953667538,3.0,,,
61,,1,81.36632331714998,5.0,,,
181,,1,88.70617241965653,9.0,,,
121,,1,101.28574033552152,7.0,,,
32,,2,99.95101194307374,4.0,,,
92,,2,91.70289805190335,6.0,,,
122,,2,100.47411066491347,7.0,,,
182,,2,89.26490583996193,9.0,,,
152,,2,97.37119400321257,8.0,,,
3,,2,87.29238005007782,3.0,,,
62,,2,101.45730369937125,5.0,,,
212,,2,88.41625649913345,10.0,,,
63,,3,94.6807131836105,5.0,,,
93,,3,100.14968525838091,6.0,,,
213,,3,94.91831258050665,10.0,,,
183,,3,90.1968230413814,9.0,,,
123,,3,88.23000517330574,7.0,,,
153,,3,90.60044211108041,8.0,,,
2,,3,91.95513654096229,3.0,,,
33,,3,86.5701581698459,4.0,,,
64,,4,94.9868969414424,5.0,,,
124,,4,89.95904984944798,7.0,,,
94,,4,85.36625500324998,6.0,,,
214,,4,108.63741418764302,10.0,,,
184,,4,95.04328477557974,9.0,,,
154,,4,95.3674889310563,8.0,,,
34,,4,86.73838025814217,4.0,,,
6,,4,93.53941646794782,3.0,,,
95,,5,96.28216824016124,6.0,,,
125,,5,98.37620989186314,7.0,,,
155,,5,89.82532676964861,8.0,,,
185,,5,96.63949976906953,9.0,,,
65,,5,97.76979211163321,5.0,,,
215,,5,90.77666608966592,10.0,,,
0,,5,94.95364660854773,3.0,,,
35,,5,83.4337980784783,4.0,,,
186,,6,91.4802795460836,9.0,,,
96,,6,97.35124591431483,6.0,,,
66,,6,107.84327231205569,5.0,,,
36,,6,94.70751392119546,4.0,,,
216,,6,88.00292643546705,10.0,,,
126,,6,94.5535059181837,7.0,,,
156,,6,80.72206168729191,8.0,,,
1,,6,99.64325255709939,3.0,,,
217,,7,91.97022175290391,10.0,,,
127,,7,93.9879840262426,7.0,,,
187,,7,100.21141513467293,9.0,,,
67,,7,97.64314125805203,5.0,,,
97,,7,89.8488600230025,6.0,,,
37,,7,98.83402295542042,4.0,,,
157,,7,86.74390202530786,8.0,,,
8,,7,101.20128719673139,3.0,,,
38,,8,89.15686274509804,4.0,,,
218,,8,109.03195988174096,10.0,,,
188,,8,92.73263397632769,9.0,,,
128,,8,86.2277985766805,7.0,,,
68,,8,94.5336248178222,5.0,,,
158,,8,104.33002552763097,8.0,,,
7,,8,107.66713133900987,3.0,,,
98,,8,86.27957762594397,6.0,,,
129,,9,98.58639450944135,7.0,,,
189,,9,84.06803305785124,9.0,,,
159,,9,105.83396823115072,8.0,,,
9,,9,99.931722536642,3.0,,,
99,,9,88.2501016397886,6.0,,,
69,,9,91.48983654652137,5.0,,,
219,,9,91.34432369169035,10.0,,,
39,,9,82.19272255143485,4.0,,,
40,,10,88.31182832383746,4.0,,,
10,,10,91.06127494260993,3.0,,,
220,,10,87.24153191489361,10.0,,,
100,,10,90.78498628652693,6.0,,,
190,,10,87.12035500152435,9.0,,,
160,,10,102.11153458938588,8.0,,,
70,,10,105.12465313275887,5.0,,,
130,,10,92.22326356346974,7.0,,,
101,,11,92.94941463084523,6.0,,,
131,,11,93.23503990520337,7.0,,,
11,,11,99.38727948338685,3.0,,,
191,,11,100.53212350256703,9.0,,,
71,,11,104.2496385716351,5.0,,,
221,,11,94.48950899989349,10.0,,,
161,,11,89.74306989338298,8.0,,,
41,,11,94.15440155512357,4.0,,,
42,,12,91.13756703550337,4.0,,,
102,,12,86.66476063829788,6.0,,,
192,,12,89.70564265487948,9.0,,,
132,,12,95.67973693565588,7.0,,,
162,,12,97.68572021011889,8.0,,,
222,,12,89.18119457922035,10.0,,,
72,,12,95.90289191173899,5.0,,,
12,,12,93.34913535026239,3.0,,,
133,,13,100.52312447109901,7.0,,,
163,,13,99.78518137381013,8.0,,,
13,,13,89.53075091061922,3.0,,,
193,,13,85.27014438751746,9.0,,,
43,,13,98.19450294485097,4.0,,,
73,,13,92.34694451277366,5.0,,,
223,,13,90.22414805096157,10.0,,,
103,,13,92.62365666434054,6.0,,,
74,,14,89.8877465026125,5.0,,,
194,,14,98.4734022062686,9.0,,,
224,,14,92.08235995650496,10.0,,,
104,,14,92.51769074717188,6.0,,,
134,,14,92.2420734430284,7.0,,,
164,,14,90.93813356683394,8.0,,,
14,,14,105.590820165538,3.0,,,
44,,14,101.9487433862434,4.0,,,
15,,15,102.63901695284423,3.0,,,
135,,15,92.09797089567535,7.0,,,
75,,15,102.37860843819394,5.0,,,
45,,15,101.44722765337367,4.0,,,
165,,15,94.30389184175793,8.0,,,
105,,15,93.43622135663404,6.0,,,
195,,15,95.36011109182434,9.0,,,
225,,15,94.9344128404531,10.0,,,
16,,16,98.50007108836283,3.0,,,
166,,16,91.57502423487051,8.0,,,
76,,16,95.1105527638191,5.0,,,
106,,16,93.38307167720394,6.0,,,
46,,16,105.69506227758008,4.0,,,
196,,16,97.09599065516886,9.0,,,
226,,16,95.36145972095632,10.0,,,
136,,16,86.082520024231,7.0,,,
137,,17,96.38501002276357,7.0,,,
77,,17,96.75814496444869,5.0,,,
197,,17,96.96546293976594,9.0,,,
47,,17,91.85338294993234,4.0,,,
167,,17,84.32193450616064,8.0,,,
227,,17,87.9101506086239,10.0,,,
107,,17,88.38455206475511,6.0,,,
17,,17,98.25432669725765,3.0,,,
228,,18,100.39842046957081,10.0,,,
198,,18,94.44313697607451,9.0,,,
168,,18,104.30544901946595,8.0,,,
78,,18,88.95508500667054,5.0,,,
108,,18,98.607984555422,6.0,,,
48,,18,97.03601406126695,4.0,,,
138,,18,88.19536656303279,7.0,,,
18,,18,91.44093382482008,3.0,,,
169,,19,99.76364537952043,8.0,,,
140,,19,86.40743686617618,7.0,,,
19,,19,88.08923388457644,3.0,,,
229,,19,94.01927202391418,10.0,,,
109,,19,94.61377234908834,6.0,,,
199,,19,100.37919914953933,9.0,,,
49,,19,83.76358890701468,4.0,,,
79,,19,91.30721649484536,5.0,,,
80,,20,104.41359223300971,5.0,,,
20,,20,102.05546816479401,3.0,,,
50,,20,88.14167007219724,4.0,,,
200,,20,89.12221465076661,9.0,,,
110,,20,94.91441109355802,6.0,,,
230,,20,92.01209622461496,10.0,,,
139,,20,100.2353571811457,7.0,,,
170,,20,103.04919466511187,8.0,,,
201,,21,97.01579320113315,9.0,,,
171,,21,90.40555498264068,8.0,,,
231,,21,93.24627045650301,10.0,,,
141,,21,98.40518383274264,7.0,,,
111,,21,95.1311533930675,6.0,,,
21,,21,85.18849796087648,3.0,,,
81,,21,94.33572966590262,5.0,,,
51,,21,96.7314831308561,4.0,,,
232,,22,90.53085066292097,10.0,,,
82,,22,84.33499381498446,5.0,,,
112,,22,95.96330727516022,6.0,,,
142,,22,85.87561717293922,7.0,,,
52,,22,85.60341593444565,4.0,,,
202,,22,102.38198517207037,9.0,,,
172,,22,85.4549777839489,8.0,,,
22,,22,90.92227925365887,3.0,,,
233,,23,90.19088080002797,10.0,,,
203,,23,92.77686006825938,9.0,,,
173,,23,83.22300931391841,8.0,,,
23,,23,97.99824240467736,3.0,,,
113,,23,95.33803598044993,6.0,,,
53,,23,91.77614373294588,4.0,,,
143,,23,88.59979577944179,7.0,,,
83,,23,108.75999254982305,5.0,,,
114,,24,92.86124957323318,6.0,,,
234,,24,83.16603111396078,10.0,,,
174,,24,91.98268442975662,8.0,,,
24,,24,100.9233617716464,3.0,,,
204,,24,85.39030478192328,9.0,,,
144,,24,100.87338812526569,7.0,,,
84,,24,93.33807754329383,5.0,,,
54,,24,104.11867409840906,4.0,,,
55,,25,96.77132518268691,4.0,,,
25,,25,113.60977304307549,3.0,,,
205,,25,94.9287918011277,9.0,,,
115,,25,89.26511229213098,6.0,,,
175,,25,88.41813782291595,8.0,,,
235,,25,94.2299756012548,10.0,,,
85,,25,98.5731720147291,5.0,,,
145,,25,112.79979555521902,7.0,,,
86,,26,92.17336596800882,5.0,,,
206,,26,88.01055871839004,9.0,,,
176,,26,85.07730290049378,8.0,,,
26,,26,108.65625469289684,3.0,,,
116,,26,89.63273459909848,6.0,,,
236,,26,94.57092483329261,10.0,,,
56,,26,97.46311637080868,4.0,,,
146,,26,95.93459617702773,7.0,,,
177,,27,104.9635663507109,8.0,,,
27,,27,100.3532755120871,3.0,,,
237,,27,96.38682592657649,10.0,,,
148,,27,92.49385664347766,7.0,,,
117,,27,89.55387967723264,6.0,,,
57,,27,90.40782466202376,4.0,,,
207,,27,90.98875784536865,9.0,,,
87,,27,93.34378841628323,5.0,,,
28,,28,96.62023574251835,3.0,,,
58,,28,98.5633431085044,4.0,,,
88,,28,97.30810068980462,5.0,,,
147,,28,97.49293441871939,7.0,,,
178,,28,96.96572078799517,8.0,,,
208,,28,93.88241237544422,9.0,,,
238,,28,97.03508709688863,10.0,,,
118,,28,100.23058567568516,6.0,,,
119,,29,87.23088945229743,6.0,,,
179,,29,95.3167277514856,8.0,,,
149,,29,95.91037271448664,7.0,,,
89,,29,84.90602925914767,5.0,,,
59,,29,92.60060123042506,4.0,,,
29,,29,100.40022494739134,3.0,,,
209,,29,87.6788897549734,9.0,,,
239,,29,98.27318990629277,10.0,,,
180,,0,192.39275687815834,,70.0,,
120,,0,130.296992,,50.0,,
239,,0,250.52766843588898,,90.0,,
209,,0,253.80422613639695,,80.0,,
150,,0,164.35102150698452,,60.0,,
270,,0,279.1555710410393,,100.0,,
30,,0,43.55689644278764,,20.0,,
60,,0,75.74502130620054,,30.0,,
3,,0,12.55580839685971,,10.0,,
90,,0,84.74176454705008,,40.0,,
271,,1,272.5143304431599,,100.0,,
151,,1,148.96968924393076,,60.0,,
31,,1,36.84270450166404,,20.0,,
121,,1,121.05656066687249,,50.0,,
61,,1,58.40060065070493,,30.0,,
241,,1,233.90888432249486,,90.0,,
0,,1,12.544565711687131,,10.0,,
181,,1,215.76605008708185,,70.0,,
91,,1,95.02074342196853,,40.0,,
211,,1,220.2381052410461,,80.0,,
62,,2,65.08772077375946,,30.0,,
92,,2,92.52446520776985,,40.0,,
122,,2,120.32584373555247,,50.0,,
272,,2,297.4489159257526,,100.0,,
242,,2,252.92468042762738,,90.0,,
32,,2,43.153131115459885,,20.0,,
212,,2,224.4111410793922,,80.0,,
152,,2,157.557002399485,,60.0,,
5,,2,11.126039886039885,,10.0,,
182,,2,177.63201579972778,,70.0,,
153,,3,172.54809174425057,,60.0,,
93,,3,97.29621206737261,,40.0,,
243,,3,279.6568511434626,,90.0,,
213,,3,249.5968938541035,,80.0,,
273,,3,287.8924535916061,,100.0,,
123,,3,131.53712976599576,,50.0,,
183,,3,210.82814003849856,,70.0,,
33,,3,37.828712583551294,,20.0,,
63,,3,65.85896601119937,,30.0,,
4,,3,12.676812891674127,,10.0,,
34,,4,37.436678928008405,,20.0,,
154,,4,176.47711218297806,,60.0,,
64,,4,63.13060116035057,,30.0,,
214,,4,238.78289161337167,,80.0,,
124,,4,120.88788354414797,,50.0,,
1,,4,11.77389643940245,,10.0,,
244,,4,262.97696586665273,,90.0,,
274,,4,300.6776635320864,,100.0,,
94,,4,101.97416934232837,,40.0,,
184,,4,203.65956954408702,,70.0,,
95,,5,97.5840603282567,,40.0,,
6,,5,11.502643122258464,,10.0,,
185,,5,192.1108828991053,,70.0,,
245,,5,250.98834564367317,,90.0,,
65,,5,59.30611417450535,,30.0,,
215,,5,228.6698422950643,,80.0,,
155,,5,153.37441344963582,,60.0,,
35,,5,33.89297506546738,,20.0,,
125,,5,122.78797448564818,,50.0,,
275,,5,261.1909252170666,,100.0,,
156,,6,172.66729178836044,,60.0,,
246,,6,269.7789022020725,,90.0,,
66,,6,58.66074091990164,,30.0,,
186,,6,198.25346276112626,,70.0,,
126,,6,127.20682648039372,,50.0,,
216,,6,233.80966096115867,,80.0,,
96,,6,103.04677739398839,,40.0,,
276,,6,292.1799161026327,,100.0,,
36,,6,34.685886019590384,,20.0,,
2,,6,10.659997764613838,,10.0,,
67,,7,59.310700261780106,,30.0,,
37,,7,39.3130715123095,,20.0,,
277,,7,316.3073677377475,,100.0,,
247,,7,287.29367966833064,,90.0,,
127,,7,128.33266842545524,,50.0,,
217,,7,232.92271499763356,,80.0,,
157,,7,148.91314765743925,,60.0,,
97,,7,98.8809438299095,,40.0,,
7,,7,12.257308611079512,,10.0,,
187,,7,213.83016552425994,,70.0,,
9,,8,10.768088218746483,,10.0,,
218,,8,210.30054322759187,,80.0,,
98,,8,90.77639109149831,,40.0,,
128,,8,133.56302170283806,,50.0,,
278,,8,320.1419866604452,,100.0,,
248,,8,251.4044838742291,,90.0,,
158,,8,137.68465343872668,,60.0,,
188,,8,165.83845583914567,,70.0,,
38,,8,44.39362020468011,,20.0,,
68,,8,64.4407022270871,,30.0,,
99,,9,93.15223284348694,,40.0,,
39,,9,42.42703541858326,,20.0,,
159,,9,174.59541104217976,,60.0,,
279,,9,301.1491186900292,,100.0,,
8,,9,12.92026318724211,,10.0,,
189,,9,194.63078687515736,,70.0,,
219,,9,209.69916534384762,,80.0,,
129,,9,130.70834398976982,,50.0,,
69,,9,61.0405427103404,,30.0,,
249,,9,235.98350963770062,,90.0,,
190,,10,186.072596772868,,70.0,,
100,,10,99.65939196525515,,40.0,,
250,,10,253.43476833733115,,90.0,,
220,,10,232.0610461941684,,80.0,,
70,,10,61.870769486317016,,30.0,,
160,,10,167.20439654644542,,60.0,,
130,,10,124.96567828485456,,50.0,,
280,,10,287.0483553627283,,100.0,,
10,,10,10.44363876071193,,10.0,,
40,,10,34.65585082116788,,20.0,,
191,,11,190.66224722856666,,70.0,,
251,,11,255.5542019409457,,90.0,,
131,,11,122.3138446121567,,50.0,,
11,,11,12.25375458894204,,10.0,,
161,,11,152.80613359392964,,60.0,,
281,,11,289.460364315269,,100.0,,
71,,11,66.41284403669725,,30.0,,
221,,11,223.71588342832564,,80.0,,
101,,11,97.62163811986068,,40.0,,
41,,11,37.86719066057909,,20.0,,
132,,12,123.37221387427999,,50.0,,
222,,12,220.04558675762866,,80.0,,
252,,12,250.33817814786778,,90.0,,
282,,12,296.4226735218509,,100.0,,
192,,12,213.33371449205586,,70.0,,
102,,12,97.82057973058748,,40.0,,
12,,12,11.645830982737222,,10.0,,
42,,12,37.06033525754884,,20.0,,
162,,12,157.45270880032604,,60.0,,
72,,12,62.12331350037711,,30.0,,
163,,13,152.70758362168397,,60.0,,
253,,13,282.77727096809866,,90.0,,
13,,13,13.068024166480196,,10.0,,
103,,13,92.52311393111142,,40.0,,
193,,13,196.58010645188543,,70.0,,
133,,13,127.55885363357216,,50.0,,
283,,13,306.6392030579118,,100.0,,
43,,13,40.52929022848809,,20.0,,
73,,13,66.00187481358388,,30.0,,
223,,13,229.65826956071788,,80.0,,
284,,14,304.71476906129516,,100.0,,
194,,14,184.14007067912226,,70.0,,
14,,14,12.743250749916676,,10.0,,
74,,14,60.25840185199968,,30.0,,
164,,14,154.17063906286245,,60.0,,
254,,14,278.4392561757134,,90.0,,
104,,14,95.67072612720425,,40.0,,
44,,14,34.708016449777475,,20.0,,
134,,14,131.70012853470436,,50.0,,
224,,14,216.22605696835677,,80.0,,
255,,15,247.7819140994376,,90.0,,
105,,15,95.14349584841388,,40.0,,
75,,15,63.82025701724721,,30.0,,
225,,15,220.00344261426832,,80.0,,
195,,15,185.2299415587962,,70.0,,
15,,15,13.798245614035087,,10.0,,
165,,15,152.18978270254712,,60.0,,
45,,15,39.92263091139699,,20.0,,
135,,15,131.52393060607037,,50.0,,
286,,15,282.68249042816745,,100.0,,
16,,16,11.87244666364049,,10.0,,
76,,16,85.99345305751307,,30.0,,
256,,16,248.0314501891551,,90.0,,
46,,16,38.482087040153885,,20.0,,
106,,16,100.50625931445603,,40.0,,
136,,16,135.06267496624181,,50.0,,
166,,16,142.22300933552992,,60.0,,
226,,16,241.3706018780405,,80.0,,
285,,16,292.53177418537473,,100.0,,
196,,16,184.0212433100041,,70.0,,
137,,17,116.45761988909878,,50.0,,
107,,17,89.94742767467248,,40.0,,
227,,17,224.74186065330565,,80.0,,
77,,17,64.52784627157554,,30.0,,
167,,17,161.5469132851252,,60.0,,
257,,17,266.6010259408888,,90.0,,
17,,17,13.141067599593725,,10.0,,
197,,17,179.37335780011702,,70.0,,
287,,17,302.21401798118006,,100.0,,
47,,17,36.14451100103675,,20.0,,
18,,18,12.049520586576424,,10.0,,
288,,18,294.51619081669133,,100.0,,
168,,18,174.42039483911083,,60.0,,
228,,18,214.90991014523038,,80.0,,
108,,18,99.63809869375908,,40.0,,
48,,18,37.782672713351786,,20.0,,
258,,18,259.24003443598036,,90.0,,
138,,18,121.81182711811515,,50.0,,
78,,18,60.29118564085279,,30.0,,
198,,18,192.50704805869262,,70.0,,
229,,19,210.75051656845488,,80.0,,
199,,19,183.50748987303916,,70.0,,
259,,19,251.3114766759345,,90.0,,
289,,19,303.1301334030866,,100.0,,
19,,19,10.769339264402735,,10.0,,
139,,19,116.23288539936584,,50.0,,
109,,19,106.37906637217834,,40.0,,
169,,19,156.7870178468624,,60.0,,
80,,19,61.994366663905225,,30.0,,
49,,19,39.39448003352691,,20.0,,
110,,20,90.67274488194235,,40.0,,
290,,20,278.51722871207113,,100.0,,
260,,20,282.98633175302894,,90.0,,
79,,20,64.93198599215224,,30.0,,
170,,20,160.27336517483343,,60.0,,
230,,20,214.70562669165105,,80.0,,
50,,20,37.73655140670847,,20.0,,
140,,20,124.90664016398534,,50.0,,
200,,20,185.4099694256388,,70.0,,
20,,20,11.755573248407643,,10.0,,
141,,21,126.34090693632486,,50.0,,
81,,21,73.57104617443676,,30.0,,
171,,21,163.29108720370857,,60.0,,
201,,21,201.01422369473323,,70.0,,
291,,21,311.83687753793544,,100.0,,
261,,21,285.17120698826886,,90.0,,
21,,21,12.725692137320044,,10.0,,
111,,21,95.3862039898848,,40.0,,
231,,21,214.12275518930264,,80.0,,
51,,21,37.38115644261814,,20.0,,
232,,22,213.48511881674554,,80.0,,
82,,22,75.51282164647625,,30.0,,
263,,22,244.38619787737036,,90.0,,
112,,22,88.5708777969019,,40.0,,
22,,22,14.34366832976954,,10.0,,
52,,22,40.10063840038545,,20.0,,
292,,22,271.4393587193558,,100.0,,
172,,22,153.0320719153255,,60.0,,
142,,22,124.81512001747979,,50.0,,
202,,22,198.46355869029188,,70.0,,
143,,23,132.53213968337556,,50.0,,
293,,23,284.14645480437713,,100.0,,
113,,23,108.24767608479993,,40.0,,
173,,23,155.86151797603196,,60.0,,
83,,23,68.4028213840265,,30.0,,
233,,23,220.01329394387002,,80.0,,
204,,23,214.01384352620383,,70.0,,
53,,23,36.55677956170163,,20.0,,
262,,23,253.99335590785492,,90.0,,
23,,23,11.539331026528258,,10.0,,
84,,24,55.41138081973737,,30.0,,
24,,24,11.745961982199757,,10.0,,
54,,24,33.159042132610416,,20.0,,
264,,24,254.50068258506556,,90.0,,
144,,24,123.03057757644395,,50.0,,
234,,24,237.60842886229884,,80.0,,
294,,24,279.2067051509769,,100.0,,
203,,24,184.08905646098543,,70.0,,
174,,24,155.29751051893408,,60.0,,
114,,24,93.81851257356875,,40.0,,
145,,25,131.10855513307985,,50.0,,
265,,25,288.21219868517164,,90.0,,
115,,25,103.64658928636813,,40.0,,
295,,25,295.07368313440844,,100.0,,
235,,25,222.02554356493542,,80.0,,
175,,25,170.10982463683547,,60.0,,
85,,25,68.2128177872265,,30.0,,
55,,25,49.35253012048193,,20.0,,
205,,25,220.5212217374058,,70.0,,
25,,25,14.62494289629968,,10.0,,
266,,26,239.9201866404715,,90.0,,
26,,26,11.57139614074915,,10.0,,
147,,26,133.67256551277904,,50.0,,
56,,26,38.988069603678056,,20.0,,
206,,26,192.83365264473136,,70.0,,
296,,26,285.5067035593007,,100.0,,
236,,26,210.6771091171617,,80.0,,
86,,26,76.76411051335826,,30.0,,
176,,26,164.82642824670404,,60.0,,
116,,26,106.89987182387092,,40.0,,
27,,27,13.78003843110659,,10.0,,
297,,27,275.6431305619895,,100.0,,
177,,27,175.68607618867568,,60.0,,
207,,27,191.84674657534248,,70.0,,
267,,27,260.5836975009813,,90.0,,
146,,27,131.3992881877645,,50.0,,
117,,27,117.9159939253457,,40.0,,
57,,27,31.800415800415802,,20.0,,
237,,27,219.3275496029146,,80.0,,
87,,27,62.29599608977231,,30.0,,
298,,28,276.4937434189583,,100.0,,
148,,28,139.10111388196177,,50.0,,
28,,28,12.368403361344537,,10.0,,
268,,28,278.45011007154653,,90.0,,
238,,28,225.8794815596504,,80.0,,
118,,28,94.31890416637877,,40.0,,
58,,28,35.696817321344064,,20.0,,
88,,28,64.32918157134853,,30.0,,
208,,28,250.4957065053961,,70.0,,
178,,28,164.01640575703854,,60.0,,
149,,29,138.11102513205262,,50.0,,
240,,29,207.06160838277995,,80.0,,
210,,29,196.9909953277644,,70.0,,
179,,29,174.02770322381613,,60.0,,
119,,29,113.55834615384616,,40.0,,
89,,29,71.15428163865734,,30.0,,
59,,29,33.03621565521385,,20.0,,
29,,29,12.588650865998178,,10.0,,
269,,29,257.84482401656317,,90.0,,
299,,29,296.95380902251776,,100.0,,
210,,0,97.29134923460306,,,60.0,
330,,0,96.19664776397961,,,90.0,
60,,0,88.54493032196059,,,22.5,
300,,0,100.07252531852336,,,82.5,
90,,0,97.7558789790651,,,30.0,
270,,0,103.93302444720685,,,75.0,
120,,0,101.59506782659982,,,37.5,
30,,0,114.83305817610064,,,15.0,
240,,0,95.62368375021865,,,67.5,
180,,0,87.33584003326864,,,52.5,
1,,0,97.44573334300007,,,7.5,
150,,0,91.40340095673731,,,45.0,
121,,1,94.40514680483592,,,37.5,
151,,1,96.13134895049788,,,45.0,
241,,1,104.35890461312259,,,67.5,
31,,1,105.02410186448385,,,15.0,
211,,1,86.65741626794258,,,60.0,
91,,1,104.25106990014265,,,30.0,
301,,1,90.97971836906264,,,82.5,
61,,1,98.31108564881123,,,22.5,
181,,1,96.81696380720997,,,52.5,
331,,1,89.22868466515362,,,90.0,
271,,1,98.39002552946675,,,75.0,
0,,1,93.46930219665997,,,7.5,
242,,2,96.61213936735494,,,67.5,
2,,2,93.67273163377193,,,7.5,
182,,2,90.77393160897414,,,52.5,
92,,2,104.92961354271077,,,30.0,
212,,2,97.51521298174443,,,60.0,
332,,2,95.2177304964539,,,90.0,
32,,2,92.05215953854811,,,15.0,
62,,2,89.11091836734694,,,22.5,
272,,2,98.80093981565155,,,75.0,
122,,2,82.91281946986645,,,37.5,
152,,2,97.31293188548865,,,45.0,
302,,2,101.90804681784931,,,82.5,
3,,3,92.26941265163457,,,7.5,
183,,3,92.99927055472577,,,52.5,
153,,3,92.87688291529967,,,45.0,
63,,3,93.0704763946964,,,22.5,
123,,3,93.07202344783215,,,37.5,
33,,3,94.5301094246382,,,15.0,
213,,3,92.9338566195709,,,60.0,
333,,3,87.08377623330608,,,90.0,
93,,3,102.64596842143825,,,30.0,
273,,3,97.50998381003778,,,75.0,
243,,3,110.98418583535108,,,67.5,
303,,3,101.1971900943731,,,82.5,
304,,4,105.72201388631048,,,82.5,
6,,4,90.075207291167,,,7.5,
124,,4,100.32007403912459,,,37.5,
154,,4,94.77585362440526,,,45.0,
64,,4,88.1998185371301,,,22.5,
244,,4,97.92962989735435,,,67.5,
94,,4,99.5731323626253,,,30.0,
274,,4,85.86081126382837,,,75.0,
184,,4,106.57022926627263,,,52.5,
334,,4,97.80399900380688,,,90.0,
34,,4,99.23658457898699,,,15.0,
214,,4,87.74549166383123,,,60.0,
4,,5,92.7624114712347,,,7.5,
275,,5,105.75366772765521,,,75.0,
95,,5,105.74306458604248,,,30.0,
335,,5,98.9391307507813,,,90.0,
35,,5,104.33373835560955,,,15.0,
125,,5,106.03200534660083,,,37.5,
215,,5,93.89441871973419,,,60.0,
245,,5,93.51911931014985,,,67.5,
305,,5,109.91841465268278,,,82.5,
65,,5,96.44115964824479,,,22.5,
155,,5,108.3216573789757,,,45.0,
185,,5,102.6957338438753,,,52.5,
336,,6,99.55753888747222,,,90.0,
156,,6,90.42038436324742,,,45.0,
36,,6,106.528028253682,,,15.0,
186,,6,91.11838853188334,,,52.5,
66,,6,91.13539783772723,,,22.5,
216,,6,101.35704767545158,,,60.0,
5,,6,90.98935070306038,,,7.5,
126,,6,95.19467257016353,,,37.5,
246,,6,110.8019609339234,,,67.5,
276,,6,90.11940970658537,,,75.0,
306,,6,93.78719579646018,,,82.5,
96,,6,110.53695611577965,,,30.0,
127,,7,90.78473139203558,,,37.5,
187,,7,95.2620791155144,,,52.5,
247,,7,91.54773109821029,,,67.5,
37,,7,98.74071400209364,,,15.0,
157,,7,89.60001344718617,,,45.0,
277,,7,97.79156916968022,,,75.0,
97,,7,103.38967810185885,,,30.0,
67,,7,90.98931667690627,,,22.5,
7,,7,91.30351347537746,,,7.5,
217,,7,92.17373996122957,,,60.0,
337,,7,105.1999698670383,,,90.0,
307,,7,100.09385306294296,,,82.5,
158,,8,89.10173077590095,,,45.0,
188,,8,99.92613121762128,,,52.5,
128,,8,89.58298308559714,,,37.5,
248,,8,105.98525128129494,,,67.5,
218,,8,97.1315596266126,,,60.0,
8,,8,87.79210259871752,,,7.5,
278,,8,93.73113701402946,,,75.0,
338,,8,91.1829058060957,,,90.0,
308,,8,100.1438420785253,,,82.5,
68,,8,92.16649724841389,,,22.5,
38,,8,102.84586328296905,,,15.0,
98,,8,88.67043187121648,,,30.0,
9,,9,99.09144079885877,,,7.5,
129,,9,96.2703460850661,,,37.5,
189,,9,91.82992224817824,,,52.5,
339,,9,92.99965194389335,,,90.0,
39,,9,89.66951404069279,,,15.0,
99,,9,100.69695317044794,,,30.0,
249,,9,99.20996663121997,,,67.5,
279,,9,97.77919810002794,,,75.0,
159,,9,100.29770800402356,,,45.0,
309,,9,99.28437712121753,,,82.5,
69,,9,106.8363241299217,,,22.5,
219,,9,85.12724153012819,,,60.0,
160,,10,94.92291819676144,,,45.0,
190,,10,90.95762534818941,,,52.5,
70,,10,94.13603860038879,,,22.5,
220,,10,94.77170600326033,,,60.0,
250,,10,105.85588213297434,,,67.5,
130,,10,86.79056027164685,,,37.5,
40,,10,94.71497856188937,,,15.0,
310,,10,100.49498111171074,,,82.5,
10,,10,95.58745157669888,,,7.5,
340,,10,105.82985824645615,,,90.0,
280,,10,104.85484478601568,,,75.0,
100,,10,90.87583963798346,,,30.0,
42,,11,99.64415538132573,,,15.0,
341,,11,100.26931518876208,,,90.0,
71,,11,98.37255889228555,,,22.5,
281,,11,99.10628547255614,,,75.0,
101,,11,86.28760497144776,,,30.0,
251,,11,104.44894119383163,,,67.5,
161,,11,97.4400774784293,,,45.0,
191,,11,100.46348012889366,,,52.5,
221,,11,113.52720774729076,,,60.0,
131,,11,98.87509952949692,,,37.5,
312,,11,93.07059603573423,,,82.5,
11,,11,106.7061061720265,,,7.5,
12,,12,95.37547403863194,,,7.5,
282,,12,97.98024882266114,,,75.0,
132,,12,88.01087973389696,,,37.5,
72,,12,83.57306928025328,,,22.5,
311,,12,90.76247755226511,,,82.5,
102,,12,101.0334938546683,,,30.0,
192,,12,92.1740924378489,,,52.5,
252,,12,98.80637228310007,,,67.5,
41,,12,87.75100646165296,,,15.0,
162,,12,82.39300574598772,,,45.0,
342,,12,84.00006717270101,,,90.0,
222,,12,106.6435011687878,,,60.0,
223,,13,110.9858450972911,,,60.0,
163,,13,105.90138998164176,,,45.0,
103,,13,100.01305092778243,,,30.0,
343,,13,100.03986493845986,,,90.0,
43,,13,95.91852881428419,,,15.0,
254,,13,98.69957081545064,,,67.5,
193,,13,95.8114136014444,,,52.5,
133,,13,88.79594332891652,,,37.5,
283,,13,99.98882823871907,,,75.0,
13,,13,93.33604382730938,,,7.5,
73,,13,98.5868556422893,,,22.5,
313,,13,88.93359830055506,,,82.5,
44,,14,96.63585374511892,,,15.0,
194,,14,89.81738918145992,,,52.5,
224,,14,99.68953424657535,,,60.0,
104,,14,93.16657217773368,,,30.0,
14,,14,100.82789577403109,,,7.5,
284,,14,101.8147648491662,,,75.0,
164,,14,88.8431693228478,,,45.0,
344,,14,100.82725263577407,,,90.0,
134,,14,95.53615056818182,,,37.5,
74,,14,104.11326170150133,,,22.5,
314,,14,106.13803453642629,,,82.5,
253,,14,96.20527623246213,,,67.5,
255,,15,91.63149655604258,,,67.5,
105,,15,90.99255921905932,,,30.0,
285,,15,93.23099160600466,,,75.0,
15,,15,96.66917480921475,,,7.5,
195,,15,87.34474885844749,,,52.5,
135,,15,100.11543055706375,,,37.5,
76,,15,88.61538983510891,,,22.5,
345,,15,105.30511832691249,,,90.0,
225,,15,98.35089321594272,,,60.0,
315,,15,94.82142481690437,,,82.5,
165,,15,107.25128963738432,,,45.0,
45,,15,96.01263680875576,,,15.0,
46,,16,106.0389062558849,,,15.0,
346,,16,97.12071182788225,,,90.0,
106,,16,98.47643941818698,,,30.0,
226,,16,77.65894203232496,,,60.0,
166,,16,103.18560481061856,,,45.0,
286,,16,92.34834474482953,,,75.0,
16,,16,98.72881603980682,,,7.5,
316,,16,94.43275665669941,,,82.5,
136,,16,88.53414932680539,,,37.5,
256,,16,103.75477741782841,,,67.5,
75,,16,92.9002337441564,,,22.5,
196,,16,95.22719954202297,,,52.5,
287,,17,91.11814109742441,,,75.0,
317,,17,95.55867104010157,,,82.5,
257,,17,107.19224892863797,,,67.5,
227,,17,89.8632761353456,,,60.0,
347,,17,94.39740268956463,,,90.0,
107,,17,90.25810152990265,,,30.0,
17,,17,101.796640431424,,,7.5,
137,,17,99.46722701201256,,,37.5,
77,,17,96.92303874649934,,,22.5,
168,,17,100.55518418949357,,,45.0,
47,,17,103.95940490430623,,,15.0,
197,,17,91.003224911575,,,52.5,
228,,18,93.90397662039453,,,60.0,
288,,18,90.18183067619572,,,75.0,
258,,18,102.06357999779873,,,67.5,
348,,18,90.01516141231478,,,90.0,
48,,18,88.76728861993612,,,15.0,
198,,18,107.28043137547579,,,52.5,
167,,18,98.06263846208819,,,45.0,
138,,18,110.7950147834874,,,37.5,
108,,18,88.60375325803649,,,30.0,
78,,18,102.62778424807104,,,22.5,
18,,18,84.24811777359506,,,7.5,
318,,18,104.58486407053637,,,82.5,
79,,19,98.04450261780104,,,22.5,
259,,19,91.48670605612999,,,67.5,
319,,19,94.26584968477722,,,82.5,
169,,19,86.25208070209527,,,45.0,
229,,19,92.62950506266374,,,60.0,
49,,19,89.5327908420109,,,15.0,
199,,19,95.34260329384571,,,52.5,
109,,19,85.49260715562343,,,30.0,
349,,19,116.60582166254757,,,90.0,
139,,19,96.15599485807594,,,37.5,
19,,19,95.74800285306705,,,7.5,
289,,19,101.47344760790907,,,75.0,
80,,20,93.87631197653461,,,22.5,
350,,20,91.45084279325765,,,90.0,
230,,20,90.81199752628324,,,60.0,
260,,20,93.80722806770595,,,67.5,
50,,20,99.94902767389678,,,15.0,
140,,20,88.46384336081985,,,37.5,
320,,20,95.24125973106865,,,82.5,
200,,20,96.51173009877978,,,52.5,
110,,20,88.86028165115394,,,30.0,
20,,20,105.67695511509427,,,7.5,
170,,20,96.52338391945133,,,45.0,
290,,20,103.5271444082519,,,75.0,
261,,21,99.26545584045584,,,67.5,
111,,21,91.5188024448358,,,30.0,
291,,21,96.93539000876424,,,75.0,
81,,21,97.88279123083537,,,22.5,
171,,21,100.71429088933164,,,45.0,
51,,21,115.38827034655795,,,15.0,
231,,21,97.16205252295211,,,60.0,
321,,21,94.55986245701781,,,82.5,
201,,21,91.52867988190637,,,52.5,
21,,21,116.39260205099558,,,7.5,
141,,21,103.01237150586114,,,37.5,
351,,21,102.34941763727122,,,90.0,
292,,22,110.46488673751087,,,75.0,
82,,22,91.2249150863289,,,22.5,
112,,22,97.88916973845883,,,30.0,
52,,22,103.46720069279064,,,15.0,
322,,22,88.11503511633326,,,82.5,
22,,22,90.24765850771213,,,7.5,
352,,22,95.52918781725889,,,90.0,
142,,22,91.87932743241858,,,37.5,
262,,22,106.43672355955322,,,67.5,
172,,22,97.85220024942099,,,45.0,
232,,22,95.94989503149056,,,60.0,
202,,22,98.75973154362416,,,52.5,
173,,23,95.4146889919048,,,45.0,
143,,23,96.31775332449192,,,37.5,
263,,23,109.04132544737641,,,67.5,
83,,23,102.88946355090792,,,22.5,
203,,23,98.57126328729481,,,52.5,
353,,23,97.09186917208251,,,90.0,
23,,23,96.14463332396741,,,7.5,
293,,23,95.02933967960786,,,75.0,
53,,23,103.72026120079812,,,15.0,
233,,23,95.04513765383794,,,60.0,
113,,23,91.61654879773691,,,30.0,
323,,23,89.46025177964022,,,82.5,
54,,24,114.70665221095021,,,15.0,
234,,24,87.9143979321226,,,60.0,
174,,24,100.43555011167952,,,45.0,
324,,24,85.01006435711352,,,82.5,
84,,24,91.8408399059084,,,22.5,
354,,24,94.57005710206995,,,90.0,
204,,24,108.0722654028436,,,52.5,
114,,24,93.84946425434744,,,30.0,
24,,24,93.94229549778059,,,7.5,
294,,24,103.18741445007583,,,75.0,
264,,24,111.51545126907446,,,67.5,
144,,24,87.0869490000692,,,37.5,
55,,25,98.86664504738226,,,15.0,
355,,25,94.53829981077861,,,90.0,
205,,25,96.58643560119812,,,52.5,
25,,25,94.28627689663814,,,7.5,
295,,25,87.54161144527134,,,75.0,
115,,25,90.34284922394679,,,30.0,
85,,25,89.70019669415784,,,22.5,
145,,25,95.35180134921774,,,37.5,
325,,25,92.53718075831652,,,82.5,
176,,25,91.94699732555313,,,45.0,
265,,25,92.50986679822398,,,67.5,
235,,25,111.77854153066319,,,60.0,
175,,26,101.05380476556495,,,45.0,
206,,26,101.39349430393351,,,52.5,
116,,26,97.30638388726781,,,30.0,
326,,26,96.52096699868845,,,82.5,
266,,26,105.12442759552586,,,67.5,
56,,26,101.9765322233386,,,15.0,
356,,26,98.50609822301038,,,90.0,
86,,26,99.54354576893218,,,22.5,
26,,26,96.16582070346011,,,7.5,
146,,26,97.6329468356248,,,37.5,
297,,26,93.96193906012782,,,75.0,
236,,26,104.62105611531956,,,60.0,
177,,27,93.59642369737901,,,45.0,
357,,27,88.50673024891775,,,90.0,
327,,27,97.98636725247704,,,82.5,
147,,27,93.46024423337856,,,37.5,
237,,27,95.13063526407264,,,60.0,
296,,27,108.17332593414724,,,75.0,
87,,27,112.98001080497029,,,22.5,
267,,27,105.04973246353441,,,67.5,
207,,27,107.23313250757774,,,52.5,
117,,27,100.87532894736842,,,30.0,
57,,27,97.69657189740663,,,15.0,
27,,27,87.15321948392814,,,7.5,
118,,28,84.98966374026834,,,30.0,
358,,28,89.53493434692467,,,90.0,
178,,28,116.23604570369798,,,45.0,
328,,28,93.13433677605838,,,82.5,
238,,28,103.14508757175766,,,60.0,
148,,28,95.2237536760798,,,37.5,
298,,28,104.12232987916651,,,75.0,
88,,28,87.19313493405478,,,22.5,
208,,28,106.60343126091247,,,52.5,
268,,28,114.03898787477095,,,67.5,
28,,28,105.84704033525406,,,7.5,
58,,28,88.47783820530252,,,15.0,
179,,29,93.70919159142213,,,45.0,
299,,29,97.13520884168221,,,75.0,
269,,29,93.75634782608695,,,67.5,
239,,29,110.39793145100408,,,60.0,
209,,29,105.67470817120622,,,52.5,
149,,29,99.6540607783899,,,37.5,
119,,29,110.87017163224982,,,30.0,
89,,29,96.94285307618404,,,22.5,
59,,29,98.91681677354276,,,15.0,
29,,29,102.63739789964994,,,7.5,
329,,29,98.59620130915334,,,82.5,
359,,29,101.27060565465699,,,90.0,
0,,0,93.94176408076514,,,,3.0
180,,0,94.59420799212737,,,,15.0
30,,0,93.79973056333534,,,,5.0
150,,0,107.61631811937109,,,,13.0
60,,0,96.27452742039819,,,,7.0
90,,0,98.73736409050838,,,,9.0
120,,0,102.52481027437244,,,,11.0
31,,1,112.35172151417159,,,,5.0
4,,1,89.52296341422141,,,,3.0
151,,1,94.00695265742034,,,,13.0
61,,1,89.18594119635011,,,,7.0
181,,1,101.21454047627626,,,,15.0
121,,1,95.53924891071306,,,,11.0
91,,1,94.29671255970779,,,,9.0
32,,2,95.66122779813928,,,,5.0
122,,2,94.81505106611718,,,,11.0
182,,2,96.71917832730917,,,,15.0
62,,2,106.98165908830384,,,,7.0
152,,2,92.70224035502112,,,,13.0
1,,2,89.17659581773856,,,,3.0
92,,2,101.65466652032342,,,,9.0
63,,3,102.83874588446572,,,,7.0
153,,3,104.77159386327854,,,,13.0
33,,3,96.35997718278726,,,,5.0
183,,3,91.19577488592192,,,,15.0
93,,3,94.91870516185477,,,,9.0
2,,3,97.7795679371545,,,,3.0
123,,3,93.28804104541855,,,,11.0
64,,4,93.78520911865016,,,,7.0
154,,4,86.52909588300855,,,,13.0
184,,4,92.21716627878703,,,,15.0
124,,4,101.17235136505178,,,,11.0
94,,4,100.13786556646829,,,,9.0
34,,4,95.13019686123349,,,,5.0
6,,4,94.65271772147375,,,,3.0
65,,5,95.52375666869563,,,,7.0
155,,5,94.85106911102443,,,,13.0
35,,5,96.64677567778014,,,,5.0
3,,5,88.74071811579448,,,,3.0
126,,5,88.42103484402988,,,,11.0
185,,5,94.96459174279443,,,,15.0
95,,5,89.2639559393486,,,,9.0
5,,6,94.30541681322546,,,,3.0
66,,6,94.6676870506158,,,,7.0
36,,6,90.27043319781298,,,,5.0
125,,6,92.28407196443456,,,,11.0
186,,6,88.65742812301733,,,,15.0
96,,6,96.62240868706812,,,,9.0
156,,6,95.16892413502703,,,,13.0
97,,7,98.0135651161945,,,,9.0
67,,7,108.51240732334695,,,,7.0
127,,7,110.0242400923432,,,,11.0
157,,7,91.99439245785581,,,,13.0
37,,7,90.29633770369618,,,,5.0
7,,7,95.07703463278202,,,,3.0
187,,7,100.64285714285714,,,,15.0
158,,8,87.77355321935983,,,,13.0
68,,8,114.99480609418282,,,,7.0
38,,8,88.40045564283042,,,,5.0
128,,8,100.04066713199369,,,,11.0
188,,8,98.66172371900235,,,,15.0
8,,8,91.71924736507039,,,,3.0
98,,8,103.37549870063322,,,,9.0
189,,9,91.02077473141966,,,,15.0
129,,9,99.60350421804023,,,,11.0
9,,9,92.46944396625925,,,,3.0
39,,9,103.01045411195071,,,,5.0
159,,9,90.5757158115977,,,,13.0
69,,9,101.48509061853049,,,,7.0
99,,9,87.26178978732149,,,,9.0
10,,10,102.42780140803755,,,,3.0
190,,10,94.99921019565608,,,,15.0
130,,10,99.90821672048799,,,,11.0
100,,10,90.4209937256232,,,,9.0
70,,10,98.6629581875115,,,,7.0
40,,10,80.60074687981131,,,,5.0
160,,10,97.2771653543307,,,,13.0
101,,11,96.35115243771092,,,,9.0
191,,11,95.38709677419355,,,,15.0
11,,11,96.25802945301542,,,,3.0
161,,11,106.64474081910231,,,,13.0
71,,11,97.94157343919163,,,,7.0
131,,11,97.96968410626481,,,,11.0
41,,11,89.16539517851693,,,,5.0
42,,12,90.72113738778077,,,,5.0
162,,12,95.70315946772931,,,,13.0
192,,12,100.72291666666666,,,,15.0
72,,12,112.46014034280455,,,,7.0
102,,12,90.71604896177844,,,,9.0
132,,12,91.72531261973597,,,,11.0
12,,12,96.63241762203475,,,,3.0
133,,13,95.22757935099055,,,,11.0
73,,13,92.26016510807385,,,,7.0
103,,13,89.907516441139,,,,9.0
163,,13,106.60485943168078,,,,13.0
43,,13,99.22914134553514,,,,5.0
13,,13,91.54509283819628,,,,3.0
193,,13,92.76943699731903,,,,15.0
194,,14,106.4327808471455,,,,15.0
134,,14,100.89565860878145,,,,11.0
164,,14,101.64890666090277,,,,13.0
104,,14,105.68239660657476,,,,9.0
74,,14,108.6292177191329,,,,7.0
44,,14,88.37987749162409,,,,5.0
14,,14,100.4687431050967,,,,3.0
195,,15,94.36530641364058,,,,15.0
75,,15,95.24604413538636,,,,7.0
135,,15,97.70465553386829,,,,11.0
45,,15,92.95930717863105,,,,5.0
165,,15,87.68328465665965,,,,13.0
15,,15,93.23534938752783,,,,3.0
105,,15,96.42547415794549,,,,9.0
46,,16,100.00707547169812,,,,5.0
16,,16,86.38516683184672,,,,3.0
106,,16,95.23654568210263,,,,9.0
76,,16,99.800625,,,,7.0
166,,16,103.86463209136866,,,,13.0
196,,16,95.44835936129145,,,,15.0
136,,16,127.23787842479432,,,,11.0
197,,17,93.76952374172421,,,,15.0
167,,17,113.46868000308952,,,,13.0
77,,17,96.32247914014991,,,,7.0
47,,17,96.77706689414943,,,,5.0
107,,17,81.04096968112911,,,,9.0
17,,17,90.0519652634883,,,,3.0
137,,17,102.82294075144509,,,,11.0
138,,18,90.12064074176584,,,,11.0
168,,18,89.68456307029835,,,,13.0
48,,18,101.80387970699746,,,,5.0
78,,18,98.16955684007708,,,,7.0
108,,18,99.21221646722628,,,,9.0
198,,18,99.73818310858765,,,,15.0
18,,18,86.05952301199169,,,,3.0
79,,19,101.7586866902238,,,,7.0
49,,19,96.23341863936874,,,,5.0
169,,19,92.39595682713723,,,,13.0
110,,19,96.79754910794738,,,,9.0
139,,19,104.80919422992861,,,,11.0
19,,19,91.11243635349096,,,,3.0
199,,19,113.61901509977996,,,,15.0
50,,20,98.01220374955784,,,,5.0
109,,20,94.4269987174006,,,,9.0
20,,20,95.76747458402224,,,,3.0
200,,20,87.51626250635917,,,,15.0
140,,20,91.47622463619594,,,,11.0
170,,20,114.11394366742861,,,,13.0
80,,20,83.14420615128844,,,,7.0
141,,21,98.83760312635692,,,,11.0
111,,21,107.37436692115806,,,,9.0
201,,21,101.32499634342548,,,,15.0
171,,21,98.56022337396891,,,,13.0
81,,21,93.05453215865167,,,,7.0
51,,21,103.38703196347032,,,,5.0
21,,21,95.62577574047955,,,,3.0
22,,22,99.90214648773174,,,,3.0
172,,22,94.3794216732173,,,,13.0
52,,22,99.14798658927863,,,,5.0
202,,22,104.0150110375276,,,,15.0
112,,22,98.85398883486404,,,,9.0
142,,22,96.13837533014491,,,,11.0
82,,22,97.45375959992856,,,,7.0
113,,23,93.59390166701836,,,,9.0
23,,23,94.960065199674,,,,3.0
53,,23,116.24622685545356,,,,5.0
143,,23,92.92979363268692,,,,11.0
203,,23,91.0488607244269,,,,15.0
173,,23,104.57913427033493,,,,13.0
83,,23,92.92384377113967,,,,7.0
114,,24,99.10854002458602,,,,9.0
24,,24,92.17920651911191,,,,3.0
174,,24,92.79906787679154,,,,13.0
54,,24,100.19790083242852,,,,5.0
204,,24,95.43061116031886,,,,15.0
144,,24,99.07842571902256,,,,11.0
84,,24,102.72252999229556,,,,7.0
85,,25,103.92408985282727,,,,7.0
55,,25,98.52965552032286,,,,5.0
115,,25,99.17430553007229,,,,9.0
205,,25,101.33451815313191,,,,15.0
25,,25,104.0180923433203,,,,3.0
145,,25,105.39866262745677,,,,11.0
175,,25,107.99876506249532,,,,13.0
206,,26,99.15059087130932,,,,15.0
26,,26,100.97267937057889,,,,3.0
177,,26,90.06581409856518,,,,13.0
146,,26,115.07155847236498,,,,11.0
116,,26,103.79397735134545,,,,9.0
56,,26,106.30143701818726,,,,5.0
86,,26,99.6752966176731,,,,7.0
27,,27,103.45373425314936,,,,3.0
147,,27,104.24970527556735,,,,11.0
117,,27,91.83225493927546,,,,9.0
57,,27,94.97534275321769,,,,5.0
207,,27,94.20187710911136,,,,15.0
87,,27,84.7038639667354,,,,7.0
176,,27,92.51583662898541,,,,13.0
88,,28,100.29693651134492,,,,7.0
178,,28,87.09860031104199,,,,13.0
148,,28,92.88716277134337,,,,11.0
58,,28,108.06056260341974,,,,5.0
118,,28,104.30220144308643,,,,9.0
208,,28,108.09011747926284,,,,15.0
28,,28,91.82718155860437,,,,3.0
179,,29,83.90516989582319,,,,13.0
29,,29,105.46163540662762,,,,3.0
89,,29,86.43637882077836,,,,7.0
149,,29,97.76486791919763,,,,11.0
59,,29,96.29405026133028,,,,5.0
119,,29,106.87236887343852,,,,9.0
209,,29,87.3581058421088,,,,15.0
